{"total": [0.7292438298463821, 0.6880921373764673, 0.6509089718262354, 0.6328606009483337, 0.6235252345601717, 0.6128314187129339, 0.6118240232268969, 0.607976570725441, 0.609255793193976, 0.6100052719314893, 0.6071090847253799, 0.6089372485876083, 0.6053974305589994, 0.6046601335207621, 0.6106464564800262, 0.6050903846820196, 0.6050621668497721, 0.602701132496198, 0.6051744918028513, 0.6027363712588946, 0.6013925944765409, 0.6004423846801122, 0.600110133488973, 0.6002467622359594, 0.6004877984523773, 0.5990037992596626, 0.5984954486290613, 0.5996650060017904, 0.5986994653940201, 0.6001136129101118, 0.600072979927063, 0.5997198795278867, 0.5992467304070791, 0.5971389263868332, 0.5970377499858538, 0.5963273644447327, 0.5971657832463583, 0.598341611524423, 0.5948629975318909, 0.5947676623860995, 0.594616711139679, 0.5960547924041748, 0.5966292719046274, 0.592870314915975, 0.5982472226023674, 0.5941815103093783, 0.5917146702607473, 0.5968755930662155, 0.5936660741766294, 0.5968480433026949, 0.5963848183552424, 0.5932155102491379, 0.5936397910118103, 0.5961089680592219, 0.5928826481103897, 0.5930756355325381, 0.5948342407743136, 0.5922827124595642, 0.5958949873844782, 0.5921116222937902, 0.5909451593955358, 0.589746966958046, 0.5870006904006004, 0.5940174882610639, 0.58622574309508, 0.589334579805533, 0.5910076449314753, 0.5949369991819063, 0.5885129099090894, 0.5885952189564705, 0.5928849602739016, 0.5872694303592046, 0.590837317208449, 0.5902678743004799, 0.5882837375005087, 0.5942728544274966, 0.5878047396739324, 0.5921103929479917, 0.5928204854329427, 0.5852798422177633, 0.5864530056715012, 0.5925450349847475, 0.5907251810034116, 0.58860761175553, 0.5828998933235804, 0.5808612580100695, 0.5864461585879326, 0.5860039467612902, 0.5878271932403246, 0.5866696834564209, 0.5825169607996941, 0.5856196557482084, 0.5899530351161957, 0.584913802643617, 0.5877395669619242, 0.5848131999373436, 0.5930004020531973, 0.5904987355073293, 0.600005512436231, 0.5868828097979227], "regression": [0.3268248861034711, 0.3208393355210622, 0.3107787271340688, 0.30488445858160657, 0.3054739236831665, 0.2985749915242195, 0.2983819742997487, 0.29596324016650516, 0.2974415260056655, 0.29959363490343094, 0.2979732242723306, 0.2995269012947877, 0.2968744883934657, 0.29654209067424137, 0.3021312380830447, 0.2972773276269436, 0.29737042511502904, 0.2952314217885335, 0.2974136086801688, 0.29560263951619464, 0.2943016327917576, 0.2940218274792035, 0.29332344606518745, 0.2938301699856917, 0.2945181267956893, 0.29291996856530506, 0.2928755233685176, 0.2935103339453538, 0.29258085663119954, 0.2941465141872565, 0.29454051454861957, 0.29399800673127174, 0.29348283757766086, 0.2922276183962822, 0.29194558163483936, 0.29124051084121066, 0.29205215101440746, 0.2930123756329219, 0.29002925132711727, 0.2899884569148223, 0.28979097306728363, 0.29103562235832214, 0.29219380766153336, 0.2885289750993252, 0.29331638291478157, 0.2893573082983494, 0.2877550298968951, 0.29258062317967415, 0.2892664273579915, 0.2922333975632985, 0.2920357349018256, 0.28921840712428093, 0.2895018594960372, 0.29229750484228134, 0.2890503518283367, 0.2889641784131527, 0.2907278885444005, 0.2883046505351861, 0.2921821102499962, 0.2881699725985527, 0.2880689837038517, 0.28592319786548615, 0.283453652014335, 0.2901955122749011, 0.28296389679114026, 0.286321481068929, 0.28727228194475174, 0.29107682034373283, 0.284942414611578, 0.28491272032260895, 0.2892809063196182, 0.284410963455836, 0.2873793765902519, 0.28667069350679714, 0.28509143367409706, 0.2907783215244611, 0.28471484035253525, 0.2884080484509468, 0.28917882467309636, 0.28223402922352153, 0.28363359967867535, 0.2894028574228287, 0.2878326786061128, 0.28504402935504913, 0.28037018949786824, 0.27797382200757664, 0.28357814128200215, 0.2827065127591292, 0.28432367121179897, 0.2833804947634538, 0.2795729575057824, 0.2824321662386258, 0.2863891137142976, 0.2823151337603728, 0.2849280660351117, 0.2821006178855896, 0.28970252722501755, 0.2875617866714795, 0.29633693645397824, 0.2837482765316963], "ssim": [0.7790867785612742, 0.7367608497540156, 0.6838921358187994, 0.6559854547182719, 0.6333168198664983, 0.6227644284566244, 0.6205175270636877, 0.6209917416175207, 0.618135929107666, 0.6174212296803793, 0.6127575139204661, 0.614430104692777, 0.6113171478112539, 0.6105323135852814, 0.6145080675681432, 0.6098511070013046, 0.6103008985519409, 0.6095066865285238, 0.611308698852857, 0.6081837813059489, 0.6098230431477228, 0.6073546161254247, 0.608068640033404, 0.6074268817901611, 0.6068159739176432, 0.6063010742266973, 0.6059872408707937, 0.607897068063418, 0.6063802142937978, 0.6065511753161749, 0.6055597762266794, 0.6067996869484583, 0.6067800968885422, 0.6041111946105957, 0.6050087163845698, 0.6042656699816386, 0.6039734780788422, 0.6052490820487341, 0.6030752509832382, 0.6036544094483057, 0.6036712328592936, 0.6040269831816355, 0.6039258241653442, 0.6020104736089706, 0.6055498421192169, 0.6046638290087382, 0.6015160034100214, 0.6024564305941263, 0.6036755939324697, 0.6045163571834564, 0.6039343178272247, 0.6033311237891515, 0.6030079126358032, 0.6034987966219584, 0.6021611640850703, 0.6036901275316874, 0.6028792510430018, 0.6010819673538208, 0.6027767111857733, 0.603109414378802, 0.5990212261676788, 0.6009172350168228, 0.5988544474045435, 0.6014649073282877, 0.5982793817917506, 0.5997355431318283, 0.6006268809239069, 0.6024725983540217, 0.6015056570370992, 0.6002867668867111, 0.6016939977804819, 0.5988076875607172, 0.6006753196318945, 0.6011014531056086, 0.6001165509223938, 0.6023310720920563, 0.5976288616657257, 0.6027273138364156, 0.6031293968359629, 0.5991790145635605, 0.5989273339509964, 0.6016238182783127, 0.5991222461064657, 0.6010481814543406, 0.5984377811352412, 0.5969970524311066, 0.5983261416355768, 0.5990521758794785, 0.6002685725688934, 0.5999951312939326, 0.5982654045025507, 0.5999600688616434, 0.6018751511971155, 0.5966176788012186, 0.5990034143129984, 0.5971784094969431, 0.6001224468151728, 0.6006743758916855, 0.6042289137840271, 0.6012434512376785]}