{"total": [0.7209751904010773, 0.6829072485367457, 0.6535062889258066, 0.641343966126442, 0.6190722311536471, 0.6179376517732939, 0.6128988812367121, 0.6059829195340475, 0.6033315360546112, 0.6047829141219457, 0.6015299459298452, 0.6026630103588104, 0.6092321400841078, 0.5992444505294164, 0.6024534826477369, 0.5999575257301331, 0.5996942346294721, 0.5958346948027611, 0.5970239962140719, 0.5984500348567963], "regression": [0.3221759522954623, 0.31643079717954, 0.3100408340493838, 0.31016961733500165, 0.3010422649482886, 0.3033055265744527, 0.30057824527223903, 0.29558878516157466, 0.29349664722879726, 0.2951855460802714, 0.2941150727371375, 0.2943696541090806, 0.3006321241458257, 0.2919447124004364, 0.29586868608991307, 0.2932822418709596, 0.2930359405775865, 0.2900397678216298, 0.2907809255023797, 0.2920706545313199], "ssim": [0.771266852815946, 0.7301428467035294, 0.6894974509874979, 0.6697248766819636, 0.6315741240978241, 0.6247777988513311, 0.6201303203900655, 0.6127192378044128, 0.609746033946673, 0.611753930648168, 0.6059399644533793, 0.6078213900327682, 0.6115655253330866, 0.6060287257035574, 0.6059247652689616, 0.6067627171675364, 0.6051124036312103, 0.6028967102368673, 0.6052590807278951, 0.6052855203549067]}