{"total": [2.5308532416820526, 2.318105250597, 2.1889990170796714, 2.094564845164617, 2.0785333613554635, 2.0579624672730765, 2.0446440279483795, 2.0367076098918915, 2.0302243133385978, 2.0189296305179596, 2.0159780780474343, 2.004815657933553, 2.0061932802200317, 2.0053420265515647, 2.0005195240179696, 2.000165283679962, 2.001032600800196, 2.0012443512678146, 1.9970986743768055, 1.9924846192200978], "regression": [0.3312955858806769, 0.3168787496785323, 0.3188469099501769, 0.3122418336570263, 0.3170679757992427, 0.3094365621606509, 0.30535634482900303, 0.30511264130473137, 0.3035319795211156, 0.2981060942014058, 0.29994816705584526, 0.29701900358001393, 0.2970600699385007, 0.2976587973535061, 0.2967953433593114, 0.2977205663919449, 0.2978924972315629, 0.2978389176229636, 0.29716959595680237, 0.29513408864537877], "ssim": [0.7768308172623316, 0.7258569101492564, 0.6871810803810755, 0.6439829369386038, 0.6443415631850561, 0.6287605116764704, 0.6228511879841486, 0.6209242095549902, 0.6203114539384842, 0.6159188151359558, 0.6147165348132452, 0.610162079334259, 0.6114561955134074, 0.6116063346465429, 0.6113482862710953, 0.609600360194842, 0.6105995327234268, 0.6112413058678309, 0.6093757549921671, 0.6089721222718557]}