{"total": [0.8490596910317739, 0.8140760610500971, 0.7744653473297755, 0.746381958325704, 0.7419939239819845, 0.729300265510877, 0.7228607187668482, 0.7203812301158905, 0.7213581303755442, 0.7167385319868723, 0.7146857430537542, 0.7097269495328268, 0.7137290686368942, 0.7159959127505621, 0.7140819132328033, 0.7077896346648535, 0.7077317386865616, 0.7079592943191528, 0.7084110006690025, 0.712961400548617], "regression": [0.3151784936587016, 0.32187530398368835, 0.3128305884699027, 0.305574515213569, 0.31222918008764583, 0.30321241666873294, 0.29874388376871747, 0.2990054339170456, 0.3012741667528947, 0.298404178271691, 0.29667767385641736, 0.2934510496755441, 0.29766716187198955, 0.29910855491956073, 0.2980879582464695, 0.293218528230985, 0.29335498561461765, 0.2936955764889717, 0.2942480879525344, 0.29850999886790913], "ssim": [0.760062500834465, 0.7269768516222636, 0.6895803461472193, 0.6540593504905701, 0.6389005134503046, 0.6274991631507874, 0.6231419245402018, 0.6184063404798508, 0.6162912448247274, 0.6139577676852545, 0.6143158872922262, 0.6109366367260615, 0.6121922930081686, 0.6130640059709549, 0.6114225486914316, 0.6065222869316736, 0.6078426440556844, 0.6071342925230662, 0.6081731667121252, 0.6102061321338018]}