{"total": [0.717635860045751, 0.6858140677213669, 0.6489801307519277, 0.6334472720821699, 0.6233489016691843, 0.6118347744146982, 0.6100660214821497, 0.6117171496152878, 0.6141679113109907, 0.6086363593737284, 0.6062103733420372, 0.6025317162275314, 0.6018813426295916, 0.6013322571913401, 0.6025480528672537, 0.6034463296333948, 0.6035441060860952, 0.6002461413542429, 0.5981819878021876, 0.5995276321967443, 0.5999894216656685, 0.59763270119826, 0.5996691634257635, 0.5996212164560953, 0.5992373327414194, 0.5970810006062189, 0.5966625089446703, 0.5994609395662943, 0.5978634282946587, 0.6002384051680565, 0.5969358384609222, 0.5967038224140803, 0.5938087925314903, 0.5988971864183744, 0.5948880786697069, 0.5951648453871409, 0.5966570203502973, 0.5979823271433512, 0.5995721643169721, 0.5965252816677094, 0.5958306392033895, 0.5932367940743765, 0.5964055731892586, 0.5989857390522957, 0.5956952795386314, 0.5987815434734026, 0.5939800466100374, 0.5944667632381121, 0.593386692305406, 0.5945749382177988, 0.5958791971206665, 0.5966639220714569, 0.594729021191597, 0.5958144217729568, 0.5983878498276075, 0.5950951625903448, 0.5931558012962341, 0.5962781831622124, 0.5944887126485506, 0.5943809549013773, 0.5949296330412229, 0.5934298858046532, 0.5915433838963509, 0.5913390095035235, 0.5931569238503774, 0.5927174786726633, 0.5947928229967753, 0.5931831573446592, 0.5937149524688721, 0.5904961278041204, 0.5936998849113783, 0.5925783266623815, 0.5922727410991987, 0.592203771074613, 0.5920563836892446, 0.590606984992822, 0.5937202672163645, 0.5904893428087234, 0.5900415827830633, 0.5896237591902415, 0.5926914935310682, 0.5905867343147596, 0.589445578555266, 0.5919588481386503, 0.5899032925566038, 0.5919375667969385, 0.5949201236168543, 0.5892981787522634, 0.5914831832051277, 0.5877140363057455, 0.5920092910528183, 0.5947475507855415, 0.5910999501744906, 0.5900386224190394, 0.5874248519539833, 0.5908379430572192, 0.5864618569612503, 0.5853741814692816, 0.5910674308737119, 0.5854841892917951], "regression": [0.32196927567323047, 0.31284984201192856, 0.3067929906149705, 0.3071448802947998, 0.3054442989329497, 0.2985609273115794, 0.2962072839339574, 0.2990971604983012, 0.30211525534590083, 0.29895763595898944, 0.2970765009522438, 0.2940931022167206, 0.29388339817523956, 0.2935461600621541, 0.29513586436708766, 0.29587924977143604, 0.29565557713309926, 0.29376988112926483, 0.2919611694912116, 0.29298240567247075, 0.2936555395523707, 0.29181113839149475, 0.293698916832606, 0.29394123206535977, 0.2934589087963104, 0.2913866837819417, 0.2906715137263139, 0.29378908375899, 0.29226042081912357, 0.2947818997005622, 0.29135040814677876, 0.2915375704566638, 0.28888865808645886, 0.29386161764462787, 0.29028118525942165, 0.29041390990217525, 0.29175203541914624, 0.292949636777242, 0.29440486803650856, 0.2917960857351621, 0.2912103533744812, 0.2889701190094153, 0.2915502078831196, 0.2937777613600095, 0.2908394895493984, 0.29473133757710457, 0.2896773728231589, 0.29047009348869324, 0.2899603645006816, 0.29045931870738667, 0.2918882394830386, 0.2922053436438243, 0.2905280937751134, 0.29170266166329384, 0.29379911224047345, 0.29107097784678143, 0.28945600738128024, 0.2922668655713399, 0.29034681618213654, 0.29051703462998074, 0.29126011456052464, 0.28935133169094723, 0.2881216915945212, 0.28810644522309303, 0.28897902617851895, 0.2895192640523116, 0.29125312094887096, 0.2904090074201425, 0.2902388833463192, 0.2876000218093395, 0.29039843504627544, 0.2892060379187266, 0.28926291689276695, 0.28934511666496593, 0.28917093326648075, 0.2877575382590294, 0.29015619680285454, 0.28818846742312115, 0.28728258485595387, 0.28665438418587047, 0.2900237664580345, 0.28744518756866455, 0.2871084275345008, 0.2896798787017663, 0.2877140926818053, 0.28921128064393997, 0.2919450563689073, 0.2868056744337082, 0.2883439362049103, 0.285637766122818, 0.2892669178545475, 0.29203707228104275, 0.2890392479797204, 0.2877153220276038, 0.28549060225486755, 0.2885609418153763, 0.2841649688780308, 0.28339482595523197, 0.2882123837868373, 0.28309031079212826], "ssim": [0.7688858211040497, 0.7376339783271154, 0.6870924433072408, 0.6506421764691671, 0.6337573726971945, 0.6208357612291971, 0.6186500291029612, 0.6190439015626907, 0.6198786497116089, 0.6114968111117681, 0.6117452283700308, 0.6099056899547577, 0.6076678136984507, 0.6084595123926798, 0.608627607425054, 0.6096190363168716, 0.6088318874438604, 0.6068897793690363, 0.6062577466169993, 0.6064011305570602, 0.6050521234671274, 0.6044243772824606, 0.6062888453404108, 0.6056934346755346, 0.6063641160726547, 0.6048783957958221, 0.6048443168401718, 0.6051563372214636, 0.6053904592990875, 0.6058977643648783, 0.6043434838453928, 0.60422616203626, 0.6025883207718531, 0.6052442789077759, 0.602394719918569, 0.6017284095287323, 0.6036947170893351, 0.6045659283796946, 0.6053577760855356, 0.6043388545513153, 0.6029081245263418, 0.6013558804988861, 0.6043734500805537, 0.605869655807813, 0.6041451344887415, 0.604606548945109, 0.6016970574855804, 0.6022918373346329, 0.6009163508812586, 0.60199041167895, 0.6025354216496149, 0.6042193124691645, 0.6027269015709559, 0.6029306848843893, 0.6052889674901962, 0.6030306766430537, 0.6020437826712927, 0.603053038318952, 0.6035425116618475, 0.6022141029437383, 0.6021225949128469, 0.6022540380557379, 0.6017774492502213, 0.6006812304258347, 0.6031974653402964, 0.6007873862981796, 0.6018886417150497, 0.5993793457746506, 0.6018189042806625, 0.5995439936717352, 0.6015130480130514, 0.6010132282972336, 0.6006435553232828, 0.6003010521332423, 0.6000436792771021, 0.6005636602640152, 0.6011684487263361, 0.5991835047801336, 0.5987995912631353, 0.600201408068339, 0.6004932870467504, 0.6010798017183939, 0.5986396620670954, 0.5990191400051117, 0.5978066474199295, 0.6001169631878535, 0.602043867111206, 0.5981411834557852, 0.6013290683428446, 0.5984890510638555, 0.5999885747830073, 0.6010826081037521, 0.5984709411859512, 0.5991348723570505, 0.5979303667942683, 0.5988430281480154, 0.5975853651762009, 0.5967659205198288, 0.6005396594603857, 0.5980383257071177]}