{"total": [0.7135122120380402, 0.6860659221808115, 0.6636529763539633, 0.635134682059288, 0.6279563953479131, 0.6178159564733505, 0.6149322241544724, 0.6141060988108317, 0.6113224277893702, 0.6107510129610697, 0.6066809991995493, 0.6070950577656428, 0.6018452644348145, 0.6031907399495443, 0.6056838209430376, 0.6027049968640009, 0.6020981123050054, 0.5979127983252207, 0.5996455078323683, 0.6025005877017975, 0.6018393039703369, 0.5999771977464358, 0.6003109912077585, 0.6006654351949692, 0.6008351991573969, 0.5999113296469053, 0.5988488694032034, 0.6004411031802496, 0.5990772595008215, 0.5994661102692286, 0.6016401772697767, 0.5976322765151659, 0.6014415348569552, 0.5992201219002405, 0.5977246761322021, 0.5987715224424998, 0.5982030654946963, 0.5998748019337654, 0.5976898918549219, 0.5947534988323847, 0.5990526229143143, 0.5963259215156237, 0.59640405078729, 0.5983467201391856, 0.5992260525623957, 0.5964453965425491, 0.5992151002089182, 0.5931629786888758, 0.5941803455352783, 0.5949520319700241], "regression": [0.31736207008361816, 0.3134852548440297, 0.3158471956849098, 0.30729414025942486, 0.3088041916489601, 0.3019360117614269, 0.3012314985195796, 0.30222906296451885, 0.3003345616161823, 0.30070343737800914, 0.2980982040365537, 0.29833166549603146, 0.29434210310379666, 0.29533711448311806, 0.2978701802591483, 0.29498963927229244, 0.2943323142826557, 0.29111384600400925, 0.2925838679075241, 0.2954075237115224, 0.29496664678057033, 0.2929474090536435, 0.2932874908049901, 0.29424668724338215, 0.294077734152476, 0.2936782067020734, 0.29258090630173683, 0.29390382021665573, 0.29293356090784073, 0.2937025601665179, 0.2950948563714822, 0.29228950788577396, 0.2951233188311259, 0.2936065730949243, 0.29161786660552025, 0.2937432813147704, 0.29258478557070094, 0.29438358421127003, 0.2922987329463164, 0.29017066210508347, 0.29419030497471493, 0.29115987320741016, 0.29111601909001666, 0.2929040305316448, 0.2940826701621215, 0.29142148792743683, 0.29424872746070224, 0.28909556940197945, 0.28976574788490933, 0.29028769582509995], "ssim": [0.7684879501660665, 0.7308722386757532, 0.7063799748818079, 0.6578268756469091, 0.6398796091477076, 0.6283482015132904, 0.6233183840910593, 0.6187982459863027, 0.6172316620747248, 0.6163620998462042, 0.6121490945418676, 0.6124809632698694, 0.60807204246521, 0.6086706419785818, 0.6103763729333878, 0.6099117447932562, 0.6091777185599009, 0.6067625135183334, 0.6075954188903173, 0.6095016499360403, 0.6086766421794891, 0.6083994756142298, 0.6074032833178838, 0.6073377331097921, 0.6083064079284668, 0.6064069867134094, 0.6065698266029358, 0.6072187076012293, 0.6069149871667227, 0.6050557494163513, 0.6078808605670929, 0.6051925073067347, 0.6072298586368561, 0.605106458067894, 0.6067675600449244, 0.603808656334877, 0.604737768570582, 0.6056877772013346, 0.6049960603316625, 0.6026566674311956, 0.6044463366270065, 0.603436345855395, 0.6050685197114944, 0.6052833745876948, 0.6047455420096716, 0.6049933284521103, 0.6058556139469147, 0.6019274493058523, 0.602280060450236, 0.6035178303718567]}