{"total": [0.3714406341314316, 0.33976195752620697, 0.338405579328537, 0.3342415541410446, 0.3319530040025711, 0.3307175636291504, 0.329813614487648, 0.3268350809812546, 0.3264550119638443, 0.3272441625595093, 0.32432009279727936, 0.32308945059776306, 0.322815865278244, 0.3229869455099106, 0.3224665969610214, 0.3229077607393265, 0.32277555763721466, 0.32254889607429504, 0.32189683616161346, 0.3217832148075104, 0.3219037353992462, 0.3223740756511688, 0.32165487110614777, 0.3227061331272125, 0.3212561160326004, 0.3212374150753021, 0.3216470777988434, 0.32125191390514374, 0.3212563693523407, 0.32138124108314514, 0.3216124624013901, 0.3216593563556671, 0.32089748978614807, 0.3215692341327667, 0.32171109318733215, 0.3214488625526428, 0.3218279927968979, 0.3213961571455002, 0.3215862214565277, 0.3211291581392288, 0.32155460119247437, 0.32132788002491, 0.32111915946006775, 0.3216108977794647, 0.3209043890237808, 0.3213614672422409, 0.32103754580020905, 0.32166147232055664, 0.321119025349617, 0.32096703350543976, 0.32157014310359955, 0.3212287425994873, 0.3209787607192993, 0.32084694504737854, 0.32076211273670197, 0.32063664495944977, 0.32104751467704773, 0.321391761302948, 0.32059118151664734, 0.321012407541275, 0.3198952376842499, 0.3203798532485962, 0.3193218410015106, 0.32024404406547546, 0.32336413860321045, 0.32086966931819916, 0.3200613558292389, 0.3208174556493759, 0.31986360251903534, 0.3213811069726944, 0.3217257559299469, 0.3188496232032776, 0.3206273913383484, 0.32019126415252686, 0.3209783732891083, 0.32075537741184235, 0.3193621337413788, 0.3215319663286209, 0.3203870803117752, 0.3198578357696533, 0.319923996925354, 0.3191821575164795, 0.3196573257446289, 0.3190417140722275, 0.3213813900947571, 0.32145778834819794, 0.3194958120584488, 0.3205845206975937, 0.3185582906007767, 0.3184903562068939, 0.3199278861284256, 0.32377058267593384, 0.32164858281612396, 0.31792671978473663, 0.31959088146686554, 0.31849081814289093, 0.31902915239334106, 0.31925566494464874, 0.3177402466535568, 0.3199307322502136], "regression": [0.32631027698516846, 0.3029399812221527, 0.3036235272884369, 0.30021369457244873, 0.298520028591156, 0.29812124371528625, 0.2975538969039917, 0.2950258255004883, 0.2949271500110626, 0.2957924157381058, 0.29320022463798523, 0.29213324189186096, 0.2921879291534424, 0.29224826395511627, 0.2918397933244705, 0.2922680824995041, 0.29213519394397736, 0.29201412200927734, 0.2914440780878067, 0.29130615293979645, 0.2914372384548187, 0.2919141352176666, 0.2912125885486603, 0.29224693775177, 0.2908819019794464, 0.2907807379961014, 0.2911430597305298, 0.29078924655914307, 0.2908080071210861, 0.29092852771282196, 0.29125672578811646, 0.29128941893577576, 0.2905811071395874, 0.291203111410141, 0.29139378666877747, 0.2911883145570755, 0.2914897948503494, 0.2910778373479843, 0.29122287034988403, 0.29080575704574585, 0.2912592738866806, 0.2910371869802475, 0.29081304371356964, 0.2913198471069336, 0.29065199196338654, 0.2910317927598953, 0.2906784117221832, 0.2913001775741577, 0.29079045355319977, 0.29068388044834137, 0.29122577607631683, 0.2908831834793091, 0.2906962186098099, 0.2905723750591278, 0.29046741127967834, 0.29039266705513, 0.2907024621963501, 0.2910667955875397, 0.2901877164840698, 0.2905302792787552, 0.289488822221756, 0.2899789810180664, 0.28904061019420624, 0.28990107774734497, 0.2927421033382416, 0.29043011367321014, 0.2897570878267288, 0.2904468923807144, 0.28954069316387177, 0.29103878140449524, 0.2912760376930237, 0.28850163519382477, 0.29030469059944153, 0.2897462844848633, 0.2904944121837616, 0.2903479337692261, 0.2890075594186783, 0.29094715416431427, 0.28995566070079803, 0.28939056396484375, 0.28947459161281586, 0.2887112498283386, 0.2892889231443405, 0.2886134833097458, 0.29076577723026276, 0.29087820649147034, 0.2889917492866516, 0.28988245129585266, 0.28807294368743896, 0.2879708409309387, 0.2892950028181076, 0.29313839972019196, 0.2910814881324768, 0.2876800298690796, 0.289145290851593, 0.28805604577064514, 0.2885516881942749, 0.288603276014328, 0.2872462570667267, 0.2891917824745178], "ssim": [0.9026073813438416, 0.7364396750926971, 0.6956408023834229, 0.6805569529533386, 0.6686596870422363, 0.6519263386726379, 0.6451943814754486, 0.6361849308013916, 0.6305572390556335, 0.6290348172187805, 0.6223975121974945, 0.6191243529319763, 0.6125588715076447, 0.6147734820842743, 0.6125362515449524, 0.6127935945987701, 0.6128072738647461, 0.6106957495212555, 0.6090551614761353, 0.6095414757728577, 0.6093299984931946, 0.6091989576816559, 0.6088456511497498, 0.6091837286949158, 0.6074841320514679, 0.6091335713863373, 0.6100803911685944, 0.609253466129303, 0.608967512845993, 0.6090541183948517, 0.6071148812770844, 0.6073984801769257, 0.606327623128891, 0.607322633266449, 0.6063460111618042, 0.6052107214927673, 0.6067639589309692, 0.6063665747642517, 0.6072670817375183, 0.6064680516719818, 0.6059063673019409, 0.6058140993118286, 0.6061224341392517, 0.6058211326599121, 0.6050477623939514, 0.6065935492515564, 0.6071826815605164, 0.6072258949279785, 0.6065715551376343, 0.6056631803512573, 0.606887549161911, 0.6069114208221436, 0.6056508421897888, 0.6054915189743042, 0.6058940291404724, 0.6048795878887177, 0.6069010198116302, 0.6064994037151337, 0.6080693304538727, 0.6096423864364624, 0.6081281006336212, 0.6080175638198853, 0.6056247055530548, 0.6068593263626099, 0.6124405264854431, 0.6087909042835236, 0.6060851812362671, 0.6074114441871643, 0.606458306312561, 0.606846421957016, 0.6089942455291748, 0.6069599986076355, 0.6064541339874268, 0.6088998317718506, 0.6096793115139008, 0.6081487536430359, 0.60709148645401, 0.6116960942745209, 0.608628511428833, 0.6093454360961914, 0.6089882850646973, 0.6094180047512054, 0.6073683202266693, 0.6085646450519562, 0.6123122274875641, 0.6115915775299072, 0.6100813448429108, 0.6140415072441101, 0.6097071766853333, 0.6103902757167816, 0.6126576960086823, 0.6126436591148376, 0.6113417744636536, 0.6049336791038513, 0.6089118123054504, 0.6086954474449158, 0.609549343585968, 0.6130480170249939, 0.6098798513412476, 0.6147790253162384]}