{"total": [0.06279386667103168], "regression": [0.052696750048089686], "ssim": [0.20194232901503997]}