{"total": [0.3637395054101944, 0.35023899376392365, 0.3406292349100113, 0.3388182073831558, 0.33699651062488556, 0.3352625221014023, 0.3287908285856247, 0.33003367483615875, 0.3238108903169632, 0.3276759535074234, 0.3272347003221512, 0.326018825173378, 0.3229617029428482, 0.32078127562999725, 0.3227990120649338, 0.3224356323480606, 0.32350482046604156, 0.3224181532859802, 0.32194216549396515, 0.32218019664287567, 0.32150399684906006, 0.3220784366130829, 0.3201010376214981, 0.3177921921014786, 0.3199172019958496, 0.3206804394721985, 0.31949281692504883, 0.3179386109113693, 0.31697535514831543, 0.31359271705150604, 0.3191838711500168, 0.31853412091732025, 0.31423307955265045, 0.3174140900373459, 0.32286237180233, 0.3122180104255676, 0.31905515491962433, 0.31621797382831573, 0.3213716298341751, 0.3182496726512909, 0.31248585879802704, 0.30865345895290375, 0.311860129237175, 0.3031013011932373, 0.30005063116550446, 0.3191626965999603, 0.2978678494691849, 0.2930205911397934, 0.295443132519722, 0.28596629202365875, 0.3027288168668747, 0.3238045871257782, 0.3013802766799927, 0.2946396917104721, 0.3085898458957672, 0.3070569634437561, 0.2909832149744034, 0.3026609718799591, 0.31648172438144684, 0.30766943097114563, 0.2984338849782944, 0.30379144847393036, 0.28377465903759, 0.2976207137107849, 0.2907639741897583, 0.2803849130868912, 0.2977379113435745, 0.29170896112918854, 0.2785450667142868, 0.284553200006485, 0.28080472350120544, 0.2800504118204117, 0.3214780241250992, 0.2946891337633133, 0.24605175852775574, 0.2576337605714798, 0.2699053883552551, 0.2747482731938362, 0.29470886290073395, 0.24861577153205872, 0.2647058889269829, 0.2586112767457962, 0.2840115651488304, 0.29023250192403793, 0.309350922703743, 0.3037160336971283, 0.28400829434394836, 0.29065847396850586, 0.25976739823818207, 0.2543714791536331, 0.27263398468494415, 0.2979414016008377, 0.3145802170038223, 0.3035796135663986, 0.2663336396217346, 0.31981757283210754, 0.27009478211402893, 0.30208510160446167, 0.2842918559908867, 0.2579890787601471], "regression": [0.3242969512939453, 0.3124625086784363, 0.30406302213668823, 0.30264824628829956, 0.30204010009765625, 0.30145806074142456, 0.2963717579841614, 0.2977502942085266, 0.2924913316965103, 0.2966088503599167, 0.2962668389081955, 0.29516610503196716, 0.29239223897457123, 0.2904205918312073, 0.2922434061765671, 0.29206250607967377, 0.2930762469768524, 0.29199299216270447, 0.2914958745241165, 0.2917276620864868, 0.2910975068807602, 0.2916467785835266, 0.28985436260700226, 0.2874739319086075, 0.28951822221279144, 0.29017263650894165, 0.2888966053724289, 0.28741131722927094, 0.2865026742219925, 0.28314562141895294, 0.2884945869445801, 0.287918820977211, 0.2833874374628067, 0.28656288981437683, 0.2920352667570114, 0.28163719177246094, 0.28832925856113434, 0.2854735404253006, 0.29054994881153107, 0.28766705095767975, 0.2818537950515747, 0.2781603932380676, 0.28096261620521545, 0.2724609971046448, 0.2692650854587555, 0.2879723757505417, 0.267041452229023, 0.26215825974941254, 0.26431234925985336, 0.25497206300497055, 0.27170394361019135, 0.2921984940767288, 0.2700466215610504, 0.26358410716056824, 0.27761203050613403, 0.27593904733657837, 0.2604946419596672, 0.27217093110084534, 0.2855633944272995, 0.2770184129476547, 0.2678864002227783, 0.27310910820961, 0.2535345256328583, 0.26687878370285034, 0.26031533628702164, 0.25024842470884323, 0.26707611978054047, 0.2612486183643341, 0.24822396039962769, 0.25405342876911163, 0.25022441148757935, 0.24960951507091522, 0.2901594936847687, 0.264178991317749, 0.21620263904333115, 0.22759822756052017, 0.23969529569149017, 0.24452675879001617, 0.264222651720047, 0.21864067763090134, 0.2345522716641426, 0.2286432757973671, 0.2535460516810417, 0.25960250198841095, 0.27853551506996155, 0.2731463834643364, 0.25355077534914017, 0.2602679133415222, 0.2298274114727974, 0.2247808799147606, 0.2426917776465416, 0.267348937690258, 0.2839280813932419, 0.27255839109420776, 0.23619743436574936, 0.28880277276039124, 0.24003633111715317, 0.2716570794582367, 0.2542996034026146, 0.2282649427652359], "ssim": [0.7888509333133698, 0.7555296719074249, 0.7313241958618164, 0.7233990728855133, 0.6991283297538757, 0.6760892868041992, 0.6483814716339111, 0.6456676423549652, 0.6263912618160248, 0.6213420927524567, 0.6193573176860809, 0.617054671049118, 0.6113891303539276, 0.6072137951850891, 0.611111968755722, 0.6074627041816711, 0.6085715293884277, 0.6085033118724823, 0.6089260280132294, 0.6090506613254547, 0.6081299185752869, 0.6086333394050598, 0.6049337387084961, 0.6063653528690338, 0.6079795360565186, 0.610156238079071, 0.6119242012500763, 0.6105459332466125, 0.6094538271427155, 0.6089419722557068, 0.6137858033180237, 0.6123060286045074, 0.6169126629829407, 0.6170239448547363, 0.6165422201156616, 0.6116163730621338, 0.6145180761814117, 0.6148886382579803, 0.6164336204528809, 0.6116524040699005, 0.6126412153244019, 0.6098611950874329, 0.6179503798484802, 0.6128062605857849, 0.6157107055187225, 0.623806357383728, 0.6165279746055603, 0.6172466278076172, 0.6226155459880829, 0.6198846995830536, 0.6204974949359894, 0.6321218609809875, 0.6266732215881348, 0.6211118698120117, 0.6195560693740845, 0.6223584413528442, 0.6097715497016907, 0.6098009943962097, 0.6183665990829468, 0.6130203306674957, 0.610949695110321, 0.6136468946933746, 0.6048028469085693, 0.614838570356369, 0.6089727282524109, 0.6027296781539917, 0.6132358312606812, 0.6092070043087006, 0.6064222455024719, 0.6099956631660461, 0.61160609126091, 0.6088178753852844, 0.6263704001903534, 0.6102026104927063, 0.5969824194908142, 0.6007106304168701, 0.60420161485672, 0.6044302582740784, 0.6097241640090942, 0.599501758813858, 0.6030722856521606, 0.5993601083755493, 0.6093102693557739, 0.6126000881195068, 0.6163079738616943, 0.6113930344581604, 0.6091504096984863, 0.6078111529350281, 0.5987996459007263, 0.591812014579773, 0.5988439917564392, 0.6118491888046265, 0.6130428314208984, 0.6204246580600739, 0.6027242541313171, 0.6202960014343262, 0.6011690199375153, 0.6085602939128876, 0.5998449325561523, 0.5944827198982239]}