{"total": [0.1270228643317533, 0.08773730977822725, 0.06942622183445774, 0.06102445206153793, 0.0558862128357235, 0.05274706266677274, 0.050050074921011205, 0.04802508819885691, 0.04612062891434044, 0.044394149312256465, 0.041586321841894404, 0.03952434287062767, 0.03789213424319349, 0.0360376070704122, 0.03450590675493213, 0.03329528671677847, 0.03261239951300713, 0.03159161523766527, 0.031129860896366116, 0.030500259578916007, 0.029778247272875133, 0.02947442117808181, 0.028927837605586804, 0.02840100961344988, 0.028053985791110465, 0.02773005888186521, 0.02722378161711528, 0.026913907761910702, 0.02660978628375365, 0.02618554378089161, 0.025996329924687294, 0.0257913394758207, 0.025455978009150025, 0.025165813872742897, 0.024961076682721402, 0.024764561478677814, 0.024584066269666614], "regression": [0.09853574947048334, 0.06767882952204331, 0.05412338897671336, 0.047583450954530315, 0.043648306269691156, 0.04128947391345401, 0.039255428526167, 0.03774303844097627, 0.036311008852345915, 0.034900780999565624, 0.032559140775793936, 0.030847605236637446, 0.02950166284307252, 0.02798029572436127, 0.026733267990376022, 0.025777846085485088, 0.025246343568740892, 0.024450146101718567, 0.02409828748369169, 0.023619742160233003, 0.023065535889007418, 0.022842348089849227, 0.022415828357464286, 0.022010234753986654, 0.021754231536560614, 0.02151056962178025, 0.0211256939198278, 0.020884663270423705, 0.020660415341463855, 0.020339683196361834, 0.020204513969932395, 0.02004364284184359, 0.01978288972651485, 0.019566668380465297, 0.019416170224391408, 0.01927126889259418, 0.019128862610297795], "ssim": [0.5697422902769368, 0.4011695937437556, 0.30605664802274496, 0.26882001611473294, 0.24475812617981027, 0.229151770194759, 0.21589292285433465, 0.20564099017275347, 0.19619239595376012, 0.18986736117921724, 0.18054361624740958, 0.17353474804963293, 0.16780942287012948, 0.1611462215964282, 0.15545277047505993, 0.1503488085213178, 0.1473211154986973, 0.14282937926072803, 0.1406314648048974, 0.137610345454964, 0.1342542246347312, 0.13264145827546378, 0.13024018244651728, 0.12781549462418793, 0.1259950824682303, 0.12438978285990508, 0.12196175145118326, 0.1205848871140279, 0.11898741608948704, 0.11691720896954176, 0.11583631632490078, 0.11495393027471613, 0.11346176305130351, 0.11198290733816564, 0.11089812656306318, 0.10986584886494016, 0.10910407042893086]}