{"total": [0.7127830485502878, 0.6721603274345398, 0.6612004935741425, 0.6358779817819595, 0.6287795305252075, 0.6186720455686251, 0.6143405536810557, 0.6093261142571768, 0.6095378572742144, 0.6041830827792486, 0.6035219008723894, 0.6064902345339457, 0.6028733849525452, 0.6019655913114548, 0.6065889547268549, 0.6032304912805557, 0.602195143699646, 0.603501575688521, 0.6040885075926781, 0.6030466159184774, 0.599757174650828, 0.6027911255757014, 0.6014824459950129, 0.5998628040154775, 0.5989113872249922, 0.5994807382424673, 0.6002304603656133, 0.5985884293913841, 0.5984509934981664, 0.6004542807737986, 0.5981451521317164, 0.5972585628430048, 0.5981253534555435, 0.5968267992138863, 0.5970988546808561, 0.5963158359130224, 0.595095823208491, 0.5992966592311859, 0.5957079976797104, 0.6002857834100723, 0.5968712369600931, 0.5971494168043137, 0.5926273912191391, 0.5928252190351486, 0.5981571823358536, 0.5932812218864759, 0.5913812493284544, 0.5923143575588862, 0.5961389392614365, 0.5927004093925158, 0.5896762882669767, 0.5958194583654404, 0.5969009871284167, 0.5954109355807304, 0.5977465982238451, 0.5912541225552559, 0.5891840110222498, 0.5874648988246918, 0.5936644002795219, 0.5851700454950333, 0.5929855033755302, 0.5931475559870402, 0.5994248936573664, 0.5925310601790746, 0.5921473974982897, 0.594220851858457, 0.5957832435766856, 0.5908159017562866, 0.5947431226571401, 0.5902439951896667, 0.5953470716873804, 0.5927314956982931, 0.588028704126676, 0.5891252929965655, 0.5955043012897173, 0.5937588214874268, 0.5913278261820475, 0.5898358374834061, 0.5891608372330666, 0.5904360761245092, 0.5918594722946485, 0.5905367558201154, 0.5880639279882113, 0.5832021956642469, 0.5939890046914419, 0.5907611548900604, 0.591677613556385, 0.5858137905597687, 0.589657242099444, 0.5842990428209305, 0.5925111621618271, 0.5835069566965103, 0.5859972064693769, 0.5805795391400655, 0.5888006513317426, 0.587275929749012, 0.5869735231002172, 0.590963880221049, 0.5837970674037933, 0.5847634673118591], "regression": [0.31832998742659885, 0.3092035862306754, 0.31439222395420074, 0.30705637857317924, 0.3097728018959363, 0.30379072700937587, 0.3019704719384511, 0.2987416883309682, 0.2993657849729061, 0.2956152558326721, 0.2952159022291501, 0.29823315019408864, 0.2950719545284907, 0.29428908104697865, 0.2981598526239395, 0.29573802401622135, 0.2953572819630305, 0.29605865602691966, 0.29685766870776814, 0.2958662162224452, 0.293241735547781, 0.29616377502679825, 0.29491885130604106, 0.2936931426326434, 0.292802806943655, 0.2931963838636875, 0.2941206196943919, 0.292511319120725, 0.29312867919603985, 0.294099785387516, 0.29280515263477963, 0.2919798828661442, 0.2924502653380235, 0.2914370062450568, 0.2922731426854928, 0.2908565190931161, 0.29030170291662216, 0.29384688660502434, 0.29061249146858853, 0.2949063864847024, 0.2918851524591446, 0.2919941296180089, 0.2878651109834512, 0.2885627659658591, 0.2930000126361847, 0.2888144205013911, 0.2875351558128993, 0.2880871867140134, 0.2916429465015729, 0.2888353044788043, 0.2855521043141683, 0.29167232165733975, 0.29236233110229176, 0.29090379923582077, 0.29336987684170407, 0.28755643715461093, 0.2855437137186527, 0.2837802978853385, 0.28987763201196987, 0.2816354110836983, 0.28903524205088615, 0.2892845223347346, 0.29472455382347107, 0.28893475110332173, 0.2885669780274232, 0.2903873796264331, 0.29148496811588603, 0.2872277535498142, 0.2912484419842561, 0.2873455348114173, 0.29169609894355136, 0.2889950821797053, 0.28521470973889035, 0.2861574987570445, 0.2913699609537919, 0.29030342648426694, 0.2880603422721227, 0.2868990662197272, 0.28596195330222446, 0.2872188960512479, 0.2882789994279544, 0.28723813965916634, 0.28534124915798503, 0.28058753659327823, 0.28990929822127026, 0.2871522940695286, 0.2887945771217346, 0.2826797117789586, 0.2866872375210126, 0.28181837871670723, 0.2896926552057266, 0.28089401374260586, 0.2832081976036231, 0.27799325063824654, 0.28523863355318707, 0.2847517679135005, 0.2844119369983673, 0.28753657390673953, 0.2811397450665633, 0.2820694570740064], "ssim": [0.7620307008425394, 0.7167704304059347, 0.7034623324871063, 0.6608874648809433, 0.6354993780454, 0.6269708623488744, 0.6203768402338028, 0.6155210634072622, 0.6147686739762624, 0.6100526501735052, 0.6094579150279363, 0.6110394994417826, 0.6087712397178014, 0.6093907107909521, 0.6127015948295593, 0.6105378220478693, 0.6071937729914983, 0.6086200426022211, 0.6098094632228216, 0.6098222484191259, 0.607692301273346, 0.609190046787262, 0.6078871041536331, 0.6068391104539236, 0.606971874833107, 0.6066478391488394, 0.6065024385849634, 0.6057293017705282, 0.6054446846246719, 0.6064170698324839, 0.6047166138887405, 0.6044292896986008, 0.6055789589881897, 0.6054943601290385, 0.6033414204915365, 0.6053249339262644, 0.6024257491032282, 0.6050803959369659, 0.604177325963974, 0.6065920243660609, 0.604250580072403, 0.6050584465265274, 0.6031097720066706, 0.6019520312547684, 0.6055820087591807, 0.6022682587305704, 0.6005340268214544, 0.6014965027570724, 0.6034073432286581, 0.6009753743807474, 0.5999184002478918, 0.6031638830900192, 0.604188914100329, 0.6038290411233902, 0.6046487390995026, 0.6000632892052332, 0.6006706058979034, 0.5999701966842016, 0.6010943502187729, 0.5985376437505087, 0.6016321331262589, 0.600641926129659, 0.6061166922251383, 0.600718562801679, 0.6016889264186224, 0.6026212126016617, 0.6031354914108912, 0.6002647231022517, 0.6013098309437434, 0.5988069226344427, 0.6015556106964747, 0.6006644368171692, 0.5990133186181387, 0.5989197840293249, 0.6043878247340521, 0.6016389528910319, 0.6008911033471426, 0.5996560305356979, 0.6003138025601705, 0.5999932388464609, 0.6019292771816254, 0.6009042859077454, 0.5994068334499995, 0.5967659403880438, 0.6039558202028275, 0.6022254129250845, 0.5992615024248759, 0.5989918261766434, 0.5993496229251226, 0.5970196078221003, 0.600260779261589, 0.5982435295979182, 0.5997421691815058, 0.5964845369259516, 0.601816306511561, 0.5981185187896093, 0.597413902481397, 0.5998165855805079, 0.5979418754577637, 0.5973557829856873]}